{"errors":[],"warnings":[],"namedChunkGroups":{"app":{"chunks":[8,2],"assets":["webpack-runtime-ad4fa45a49039beb781a.js","webpack-runtime-ad4fa45a49039beb781a.js.map","app-a716e8893d93f2cbdec5.js","app-a716e8893d93f2cbdec5.js.map"],"children":{},"childAssets":{}},"component---src-templates-pages-tsx":{"chunks":[0,1,3],"assets":["0.0059746ef660099e0568.css","0-414154f2ba51256e58ee.js","0-414154f2ba51256e58ee.js.map","1-d70532f24e78b8ddb8b9.js","1-d70532f24e78b8ddb8b9.js.map","component---src-templates-pages-tsx-c507f144c01f2384b733.js","component---src-templates-pages-tsx-c507f144c01f2384b733.js.map"],"children":{},"childAssets":{}},"component---src-templates-post-tsx":{"chunks":[0,1,4],"assets":["0.0059746ef660099e0568.css","0-414154f2ba51256e58ee.js","0-414154f2ba51256e58ee.js.map","1-d70532f24e78b8ddb8b9.js","1-d70532f24e78b8ddb8b9.js.map","component---src-templates-post-tsx-1ca6a3d8ae399c3391b8.js","component---src-templates-post-tsx-1ca6a3d8ae399c3391b8.js.map"],"children":{},"childAssets":{}},"component---src-pages-404-tsx":{"chunks":[0,1,5],"assets":["0.0059746ef660099e0568.css","0-414154f2ba51256e58ee.js","0-414154f2ba51256e58ee.js.map","1-d70532f24e78b8ddb8b9.js","1-d70532f24e78b8ddb8b9.js.map","component---src-pages-404-tsx-79d40943680efec68f1d.js","component---src-pages-404-tsx-79d40943680efec68f1d.js.map"],"children":{},"childAssets":{}},"component---src-pages-index-tsx":{"chunks":[0,1,6],"assets":["0.0059746ef660099e0568.css","0-414154f2ba51256e58ee.js","0-414154f2ba51256e58ee.js.map","1-d70532f24e78b8ddb8b9.js","1-d70532f24e78b8ddb8b9.js.map","component---src-pages-index-tsx-626e9cddd31845680dbe.js","component---src-pages-index-tsx-626e9cddd31845680dbe.js.map"],"children":{},"childAssets":{}}},"assetsByChunkName":{"app":["webpack-runtime-ad4fa45a49039beb781a.js","app-a716e8893d93f2cbdec5.js"],"component---src-templates-pages-tsx":["0.0059746ef660099e0568.css","0-414154f2ba51256e58ee.js","1-d70532f24e78b8ddb8b9.js","component---src-templates-pages-tsx-c507f144c01f2384b733.js"],"component---src-templates-post-tsx":["0.0059746ef660099e0568.css","0-414154f2ba51256e58ee.js","1-d70532f24e78b8ddb8b9.js","component---src-templates-post-tsx-1ca6a3d8ae399c3391b8.js"],"component---src-pages-404-tsx":["0.0059746ef660099e0568.css","0-414154f2ba51256e58ee.js","1-d70532f24e78b8ddb8b9.js","component---src-pages-404-tsx-79d40943680efec68f1d.js"],"component---src-pages-index-tsx":["0.0059746ef660099e0568.css","0-414154f2ba51256e58ee.js","1-d70532f24e78b8ddb8b9.js","component---src-pages-index-tsx-626e9cddd31845680dbe.js"]}}