{"errors":[],"warnings":[],"namedChunkGroups":{"app":{"chunks":[8,2],"assets":["webpack-runtime-78751271d3b31b036f4d.js","webpack-runtime-78751271d3b31b036f4d.js.map","app-a716e8893d93f2cbdec5.js","app-a716e8893d93f2cbdec5.js.map"],"children":{},"childAssets":{}},"component---src-templates-pages-tsx":{"chunks":[0,1,3],"assets":["0.0059746ef660099e0568.css","0-c533ff151cefcb49e803.js","0-c533ff151cefcb49e803.js.map","1-cb5a2b419c12ed60beb7.js","1-cb5a2b419c12ed60beb7.js.map","component---src-templates-pages-tsx-f086eceef99953b3b816.js","component---src-templates-pages-tsx-f086eceef99953b3b816.js.map"],"children":{},"childAssets":{}},"component---src-templates-post-tsx":{"chunks":[0,1,4],"assets":["0.0059746ef660099e0568.css","0-c533ff151cefcb49e803.js","0-c533ff151cefcb49e803.js.map","1-cb5a2b419c12ed60beb7.js","1-cb5a2b419c12ed60beb7.js.map","component---src-templates-post-tsx-3d4c06925770ca1267bc.js","component---src-templates-post-tsx-3d4c06925770ca1267bc.js.map"],"children":{},"childAssets":{}},"component---src-pages-404-tsx":{"chunks":[0,1,5],"assets":["0.0059746ef660099e0568.css","0-c533ff151cefcb49e803.js","0-c533ff151cefcb49e803.js.map","1-cb5a2b419c12ed60beb7.js","1-cb5a2b419c12ed60beb7.js.map","component---src-pages-404-tsx-9ebebee98090e3c9b319.js","component---src-pages-404-tsx-9ebebee98090e3c9b319.js.map"],"children":{},"childAssets":{}},"component---src-pages-index-tsx":{"chunks":[0,1,6],"assets":["0.0059746ef660099e0568.css","0-c533ff151cefcb49e803.js","0-c533ff151cefcb49e803.js.map","1-cb5a2b419c12ed60beb7.js","1-cb5a2b419c12ed60beb7.js.map","component---src-pages-index-tsx-d3f7cec9276395191508.js","component---src-pages-index-tsx-d3f7cec9276395191508.js.map"],"children":{},"childAssets":{}}},"assetsByChunkName":{"app":["webpack-runtime-78751271d3b31b036f4d.js","app-a716e8893d93f2cbdec5.js"],"component---src-templates-pages-tsx":["0.0059746ef660099e0568.css","0-c533ff151cefcb49e803.js","1-cb5a2b419c12ed60beb7.js","component---src-templates-pages-tsx-f086eceef99953b3b816.js"],"component---src-templates-post-tsx":["0.0059746ef660099e0568.css","0-c533ff151cefcb49e803.js","1-cb5a2b419c12ed60beb7.js","component---src-templates-post-tsx-3d4c06925770ca1267bc.js"],"component---src-pages-404-tsx":["0.0059746ef660099e0568.css","0-c533ff151cefcb49e803.js","1-cb5a2b419c12ed60beb7.js","component---src-pages-404-tsx-9ebebee98090e3c9b319.js"],"component---src-pages-index-tsx":["0.0059746ef660099e0568.css","0-c533ff151cefcb49e803.js","1-cb5a2b419c12ed60beb7.js","component---src-pages-index-tsx-d3f7cec9276395191508.js"]}}